age,california_region,S_population,m_median_house_value
acima_37,sul,2519076.0,227694.8277657267
ate_29,sul,3905630.0,220571.65846153846
acima_37,norte,2114160.0,217732.95624136343
ate_37,sul,3435282.0,212266.99328593997
de_0_ate_18,sul,4157987.0,209407.56504269212
ate_37,norte,1792950.0,195766.6032154341
ate_29,norte,3107411.0,188724.02380952382
de_0_ate_18,norte,3270261.0,177826.69768637532
